DATE	CPI: All items	CPI: All items less food and energy	CPI: Apparel	CPI: Cereals and bakery products	CPI: Communication	CPI: Dairy and related products	CPI: Education	CPI: Electricity	CPI: Energy	CPI: Food and Beverages	CPI: Food at home	CPI: Food away from home	CPI: Fruits and vegetables	CPI: Full service meals and snacks	CPI: Gasoline (all types)	CPI: Hospital Services	CPI: Housing	CPI: Limited service meals and snacks	CPI: Meats, poultry, fish, and eggs	CPI: Medical Care	CPI: New Vehicles	CPI: Nonalcoholic beverages and bev. materials	CPI: Other food at home	CPI: Physicians' Services	CPI: Prescription Drugs	CPI: Recreation	CPI: Shelter	CPI: Transportation	CPI: Used Cars and Trucks	CPI: Utility (piped) gas service
2014-01-06	233.916	235.367	124.275	271.151	82.571	219.362	228.373	203.026	239.551	238.792	235.356	245.481	292.095	152.967	286.607	272.485	230.256	156.188	240.158	429.621	145.88	167.039	204.575	356.796	446.766	115.275	266.754	213.45	147.386	179.982
2014-02-01	234.781	236.075	125.493	270.583	82.474	220.861	228.835	202.224	242.041	239.476	236.114	246.187	292.54	153.597	289.814	276.555	230.905	156.486	242.386	432.769	146.421	165.98	205.554	356.939	453.121	115.656	267.418	214.673	147.616	186.095
2014-03-01	236.293	236.913	128.888	270.66	82.495	223.063	229.061	204.131	250.543	240.226	236.973	246.878	292.944	153.979	304.464	277.974	231.968	156.98	245.301	433.369	146.348	165.703	205.366	357.465	452.12	115.763	268.431	218.435	148.92	199.34
2014-04-01	237.072	237.509	129.629	271.005	82.612	224.171	229.237	198.654	252.717	241.103	238.103	247.534	294.509	154.198	315.335	278.496	231.689	157.548	249.29	434.054	146.724	165.387	205.091	358.415	453.012	116.042	268.899	221.972	150.496	196.872
2014-05-01	237.9	238.029	128.963	271.362	82.47	225.491	229.576	206.715	255.982	242.065	239.504	247.952	298.626	154.563	317.434	278.568	232.744	157.721	251.825	434.874	146.708	164.64	205.866	359.547	454.359	116.018	269.766	223.392	151.441	192.303
2014-06-01	238.343	238.157	127.302	270.86	82.386	224.522	229.983	217.529	259.858	242.027	239.147	248.445	295.139	154.889	318.334	278.695	233.894	158.005	252.865	435.352	146.067	164.7	205.996	359.056	457.609	116.037	270.314	223.543	151.978	188.769
2014-07-01	238.25	238.138	124.645	271.993	82.378	225.14	230.807	217.93	257.907	242.674	239.82	249.21	293.535	155.562	313.514	279.587	234.475	158.433	253.767	435.924	146.086	165.211	207.39	358.585	459.832	115.838	271.115	221.867	152.857	189.659
2014-08-01	237.852	238.296	125.726	272.108	82.229	226.39	233.634	217.148	250.951	243.497	240.723	249.801	291.169	156.007	300.64	278.608	234.571	158.856	258.416	435.777	145.873	165.613	207.271	359.967	460.837	115.311	271.675	218.279	153.277	183.96
2014-09-01	238.031	238.841	130.324	270.66	82.071	227.604	235.378	215.054	247.077	244.26	241.578	250.57	293.282	156.31	294.222	279.54	234.675	159.439	260.805	436.575	145.88	166.08	207.287	359.879	461.87	115.286	272.165	216.383	151.153	183.376
2014-10-01	237.433	239.413	131.961	271.313	81.389	228.831	235.92	206.667	234.745	244.775	242.121	251.1	297.528	156.627	275.729	280.496	234.434	159.849	259.84	437.027	146.306	167.35	206.46	359.855	464.368	115.394	272.788	212.626	147.893	179.226
2014-11-01	236.151	239.248	129.023	270.344	81.002	228.412	236.098	202.889	221.844	244.902	241.576	251.987	293.978	157.074	251.172	281.491	234.315	160.602	260.457	438.445	146.481	167.511	206.21	361.001	466.447	115.026	273.233	206.874	144.151	178.558
2014-12-01	234.812	238.775	123.942	270.635	80.681	229.87	236.066	204.275	209.785	245.585	242.457	252.628	297.429	157.454	223.404	282.547	234.658	161.08	261.055	439.72	146.524	166.978	206.831	361.659	469.778	114.875	273.598	199.777	141.957	182.908
2015-01-01	233.707	239.248	122.527	273.589	80.667	227.8	236.82	208.172	192.619	246.1	243.123	253.037	298.781	157.604	185.142	284.225	235.485	161.489	260.982	440.969	146.558	168.603	207.218	362.74	471.754	115.288	274.589	190.871	141.461	179.184
2015-02-01	234.722	240.083	124.457	273.052	80.62	225.535	236.814	208.696	196.597	246.269	242.906	253.719	295.686	157.885	194.883	286.308	236.016	161.996	260.863	442.783	147.345	168.901	208.954	361.242	476.638	115.593	275.39	193.944	143.39	173.978
2015-03-01	236.119	241.067	128.245	273.812	80.432	224.449	237.447	205.894	204.731	245.689	241.588	254.108	289.858	158.131	215.442	287.42	236.435	162.169	260.077	444.02	147.574	167.706	208.463	363.531	478.076	115.835	276.36	199.363	147.023	170.592
2015-04-01	236.599	241.802	128.593	273.366	80.422	222.691	238.003	206.179	203.715	245.746	241.305	254.727	290.178	158.515	215.461	291.775	236.777	162.55	258.991	446.663	147.844	168.401	208.648	365.146	478.206	116.045	276.978	200.245	149.788	164.839
2015-05-01	237.805	242.119	127.083	273.595	80.015	221.039	238.219	207.683	214.33	245.846	241.019	255.322	293.011	158.711	238.17	292.257	237.175	163.041	257.106	447.213	147.889	166.795	209.272	365.214	478.566	116.19	277.563	206.386	150.713	162.639
2015-06-01	238.638	242.354	124.954	274.479	79.906	219.696	238.669	217.468	220.861	246.245	241.494	255.846	288.968	159.282	244.226	288.959	238.568	163.02	261.189	446.271	147.845	166.824	209.787	366.541	479.642	116.395	278.461	208.012	150.97	164.205
2015-07-01	238.654	242.436	122.607	275.526	79.793	221.443	239.68	216.406	219.852	246.558	241.993	255.905	287.816	159.713	243.736	288.895	239.085	163.251	261.639	446.773	147.154	167.421	210.251	367.45	480.21	116.355	279.559	207.218	151.119	162.733
2015-08-01	238.316	242.651	124.547	274.968	79.832	220.716	242.076	215.786	213.248	247.196	242.746	256.449	291.344	159.97	230.513	288.181	239.298	163.67	263.601	446.536	146.704	168.017	209.892	366.365	482.392	116.084	280.093	203.377	150.908	162.885
2015-09-01	237.945	243.359	128.54	273.53	80.028	222.31	244.351	214.132	201.641	248.09	243.432	257.83	295.394	160.355	207.239	289.134	239.651	164.286	263.227	447.289	146.57	168.054	210.659	367.176	481.26	116.024	280.814	197.593	148.52	161.189
2015-10-01	237.838	243.985	129.446	275.753	80.202	221.874	244.7	205.604	194.501	248.575	243.779	258.363	297.931	160.632	199.077	295.282	239.395	164.621	261.568	450.065	146.516	169.045	210.636	366.652	481.426	116.1	281.499	195.858	145.821	159.422
2015-11-01	237.336	244.075	127.039	273.752	80.355	220.613	244.865	202.479	189.267	247.87	242.24	258.805	298.037	160.888	190.701	294.765	239.325	164.907	259.141	451.371	146.804	167.498	209.315	370.599	482.478	115.763	281.932	194.404	143.247	157.75
2015-12-01	236.525	243.779	122.792	273.245	80.227	220.848	244.777	201.787	183.378	247.468	241.375	259.097	299.078	161.042	179.496	294.377	239.514	165.079	255.298	451.072	146.817	167.482	208.915	370.324	481.134	115.625	282.394	191.528	142.474	155.746
2016-01-01	236.916	244.528	121.878	274.58	80.342	220.869	244.71	203.169	180.171	248.241	242.017	259.958	306.796	161.392	171.574	297.252	240.424	165.905	251.783	454.175	147.456	168.718	208.81	370.911	485.796	116.062	283.498	190.162	142.668	156.513
2016-02-01	237.111	245.68	125.567	274.801	80.046	219.732	244.864	202.528	172.061	248.459	242.062	260.319	306.778	161.625	154.564	301.007	241.015	166.17	251.29	458.295	148.268	169.248	209.385	372.091	493.075	116.631	284.435	187.345	144.024	155.981
2016-03-01	238.132	246.358	127.427	273.162	80.088	218.131	244.876	202.487	179.017	247.677	240.329	260.883	298.162	161.898	170.356	300.303	241.485	166.668	250.837	458.62	148.227	168.187	209.743	372.672	495.191	117.071	285.196	191.257	146.178	154.822
2016-04-01	239.261	246.992	127.77	273.924	80.039	218.315	245.206	201.778	185.652	248.095	240.635	261.517	296.217	162.125	185.808	300.733	241.79	167.238	250.839	459.994	147.895	168.771	211.009	372.961	497.297	117.515	285.836	195.491	147.489	154.13
2016-05-01	240.229	247.544	127.758	273.074	79.624	216.122	245.419	205.038	192.673	247.58	239.354	262.074	295.974	162.664	198.011	301.713	242.811	167.433	248.989	461.23	147.646	167.053	210.28	376.263	493.293	117.512	286.924	198.613	147.223	154.994
2016-06-01	241.018	247.794	125.472	273.379	79.419	214.815	245.911	213.474	200.035	247.207	238.43	262.529	292.733	163.059	206.681	301.277	244.28	167.624	248.016	462.075	147.245	165.94	210.392	377.678	498.136	117.582	288.069	200.262	146.303	155.914
2016-07-01	240.628	247.744	123.03	273.418	79.156	214.605	246.478	214.193	195.94	247.267	238.207	263.051	291.96	163.364	195.243	302.161	244.936	167.989	246.875	464.164	147.119	166.648	210.486	380.083	502.833	117.358	288.78	197.145	145.457	162.129
2016-08-01	240.849	248.278	124.871	273.104	79.142	215.506	248.58	214.222	193.524	247.42	238.088	263.649	292.156	163.824	189.375	305.972	245.472	168.254	246.547	468.379	146.713	167.044	209.761	382.156	512.061	117.119	289.605	195.198	144.858	164.715
2016-09-01	241.428	248.731	128.429	272.089	78.503	216.693	250.469	214.381	195.852	247.645	238.12	264.102	293.423	164.072	193.817	306.404	246.127	168.537	246.642	469.154	146.499	166.573	209.426	382.134	514.781	116.945	290.445	195.402	142.482	165.881
2016-10-01	241.729	249.218	130.328	272.502	78.113	218.183	251.173	206.397	194.786	247.861	238.145	264.459	295.616	164.143	197.357	307.433	246.264	168.913	244.77	469.23	146.896	166.793	208.985	381.406	515.159	116.713	291.407	196.185	139.914	167.049
2016-11-01	241.353	249.227	127.377	271.896	78.228	216.773	251.155	202.984	191.402	247.246	236.93	264.699	293.554	164.463	192.522	307.403	246.271	168.883	243.633	469.333	147.027	166.258	207.703	384.11	511.311	116.746	291.953	195.411	137.789	167.469
2016-12-01	241.432	249.134	122.637	271.374	78.135	217.929	251.466	203.146	193.306	247.134	236.464	265.104	291.957	164.876	195.915	307.465	246.795	169.009	241.612	469.447	147.299	165.965	208.301	384.519	511.191	116.559	292.612	196.252	137.475	167.935
2017-01-01	242.839	250.083	123.088	272.922	78.19	219.804	251.122	205.23	199.608	248.074	237.365	266.079	291.679	165.361	206.36	309.929	247.942	169.832	242.596	471.7	148.848	167.074	208.804	384.882	515.468	117.337	293.56	199.292	137.397	172.319
2017-02-01	243.603	251.143	126.1	271.708	77.874	220.552	251.356	206.416	198.195	248.595	237.918	266.626	292.222	165.849	201.957	313.974	248.693	170.057	243.057	474.546	148.993	169.451	208.914	385.353	518.618	118.375	294.444	199.147	137.899	172.967
2017-03-01	243.801	251.29	128.25	272.174	75.275	218.567	251.113	205.692	198.597	248.967	238.256	267.055	292.932	166.073	204.217	314.529	248.978	170.381	244.306	474.561	148.543	168.455	210.002	383.965	518.47	118.573	295.044	200.091	139.372	170.755
2017-04-01	244.524	251.642	128.349	271.865	74.834	217.827	251.001	206.671	202.869	249.538	238.817	267.652	298.164	166.343	212.424	317.053	249.514	170.972	243.33	473.582	148.457	168.354	210.668	379.886	512.738	118.639	295.706	202.389	140.654	172.597
2017-05-01	244.733	251.835	126.563	272.445	74.618	217.015	250.959	210.541	203.132	249.749	238.964	268.128	298.47	166.721	209.441	316.653	250.376	171.246	243.815	473.512	148.033	168.555	210.63	379.207	512.582	118.577	296.503	202.212	140.875	174.901
2017-06-01	244.955	252.014	124.63	272.429	74.365	215.192	251.658	218.865	204.646	249.398	238.3	268.225	294.788	166.959	205.881	318.313	251.629	171.53	245.756	474.36	147.262	167.242	210.119	377.747	517.217	118.518	297.446	201.263	140.015	175.807
2017-07-01	244.786	251.936	122.485	271.95	74.131	216.434	252.115	219.696	202.554	249.93	238.953	268.649	294.935	167.19	201.173	319.387	251.87	172.038	247.761	476.126	146.19	167.085	210.624	377.989	524.056	118.863	297.919	199.466	139.519	174.301
2017-08-01	245.519	252.46	124.147	272.544	74.011	216.537	253.805	219.078	205.894	250.212	238.843	269.522	295.009	167.448	209.0	319.394	252.615	172.321	247.985	476.869	145.712	166.822	209.905	378.99	526.105	118.875	299.157	200.652	139.35	173.646
2017-09-01	246.819	252.941	128.15	271.75	73.994	216.564	255.783	218.117	215.711	250.735	239.128	270.353	297.047	167.718	231.182	320.449	252.984	172.934	247.613	476.485	145.037	167.429	210.159	379.169	522.018	118.87	299.844	204.775	137.141	172.111
2017-10-01	246.663	253.638	129.57	270.858	74.147	217.17	256.435	210.424	207.29	251.13	239.543	270.658	299.7	168.105	218.591	322.368	253.125	173.259	248.413	477.121	144.868	167.99	209.528	379.072	520.35	118.663	300.846	202.457	135.867	172.373
2017-11-01	246.669	253.492	125.398	269.646	74.295	216.878	256.721	208.111	209.383	250.694	238.403	271.152	296.791	168.33	224.227	322.871	253.177	173.641	247.027	477.198	145.442	166.271	209.624	377.037	522.411	118.42	301.185	204.014	134.901	173.504
2017-12-01	246.524	253.558	120.614	269.847	74.314	216.916	256.469	208.406	206.598	251.024	238.579	271.811	296.476	168.607	216.781	323.114	253.845	173.895	248.42	477.802	146.522	166.006	209.401	377.734	525.385	118.336	301.985	203.023	136.118	175.909
2018-01-01	247.867	254.638	122.266	272.273	74.354	217.897	256.15	210.171	210.663	252.109	239.828	272.772	301.814	169.021	223.806	328.635	254.857	174.704	247.284	481.06	146.996	167.671	209.611	379.077	527.767	118.647	302.928	205.338	136.555	172.658
2018-02-01	248.991	255.783	126.587	271.245	74.015	216.412	256.291	210.97	213.519	252.076	239.19	273.435	298.503	169.371	227.42	329.701	255.713	175.272	247.095	482.897	146.807	167.736	210.115	380.47	529.279	119.093	303.653	207.359	137.768	179.557
2018-03-01	249.554	256.61	128.604	272.345	73.883	216.497	255.609	210.273	212.554	252.182	239.158	273.733	293.87	169.599	226.872	330.759	256.388	175.48	249.516	483.984	146.727	167.758	210.012	380.766	528.167	119.281	304.847	207.845	139.892	176.567
2018-04-01	250.546	257.025	129.365	271.766	73.808	216.906	255.564	209.215	218.83	252.999	240.129	274.393	296.863	170.071	240.962	331.289	256.969	175.604	251.922	484.034	146.069	167.041	210.632	381.076	526.345	118.966	305.716	210.734	139.368	174.318
2018-05-01	251.588	257.469	128.362	271.91	73.997	215.659	256.09	212.646	226.81	252.848	239.287	275.307	297.211	170.705	255.096	331.651	257.907	176.143	249.449	484.853	146.349	166.401	210.159	381.309	531.692	118.851	306.913	214.125	138.506	173.42
2018-06-01	251.989	257.697	125.382	273.682	74.129	216.126	256.679	218.591	229.137	253.022	239.158	275.808	295.523	170.934	255.885	333.408	258.71	176.534	248.609	486.019	146.562	166.431	210.259	380.991	533.72	119.145	307.521	214.679	139.09	172.167
2018-07-01	252.006	257.867	122.831	273.258	74.171	215.622	257.477	217.9	227.107	253.476	239.82	276.125	297.632	171.268	252.232	334.033	259.268	176.538	250.042	485.193	146.526	166.577	210.736	380.404	528.865	119.272	308.393	214.039	140.687	172.062
2018-08-01	252.146	258.012	122.447	273.338	73.983	216.435	260.613	217.967	226.939	253.779	240.015	276.648	297.644	171.465	251.367	332.708	259.884	176.991	250.743	484.172	146.149	167.231	210.158	380.143	530.165	118.972	309.296	213.482	141.095	173.867
2018-09-01	252.439	258.429	127.44	273.729	74.099	216.638	262.336	215.536	226.165	254.178	240.125	277.258	298.432	171.605	252.216	332.595	259.941	177.599	248.876	484.708	145.715	168.428	210.59	380.928	528.124	119.163	309.702	212.414	135.13	170.1
2018-10-01	252.885	259.063	129.108	272.26	73.862	216.8	262.947	211.937	225.757	254.203	239.882	277.513	298.531	172.018	253.793	332.853	260.268	177.446	247.966	485.269	145.588	169.57	210.224	380.489	524.37	118.85	310.382	213.482	136.45	168.77
2018-11-01	252.038	259.105	124.935	273.24	73.031	215.896	263.119	209.339	215.91	254.262	239.352	278.306	296.362	172.444	235.381	334.242	260.473	178.024	247.954	486.886	145.826	167.891	210.407	379.872	525.494	119.147	310.95	209.924	138.01	169.821
2018-12-01	251.233	259.083	120.526	274.321	73.007	216.652	263.199	210.637	205.905	255.023	239.989	279.419	301.134	173.266	212.152	334.964	261.36	178.652	247.327	487.409	146.126	168.339	209.739	379.885	522.105	119.705	311.652	204.541	138.069	179.999
2019-01-01	251.712	260.122	122.422	275.05	73.103	217.079	263.125	210.92	200.563	256.185	241.381	280.38	304.605	173.624	201.194	336.225	262.284	179.659	248.169	490.204	147.059	171.354	210.006	382.032	525.103	120.265	312.696	202.57	138.8	180.106
2019-02-01	252.776	261.114	125.631	275.996	73.097	216.595	263.62	210.939	202.74	256.997	242.057	281.373	304.621	174.151	206.749	336.234	263.057	180.525	248.597	491.227	147.226	172.488	211.168	383.009	522.971	120.306	313.88	204.236	139.301	174.95
2019-03-01	254.202	261.836	125.785	277.275	72.943	217.531	263.905	210.937	211.724	257.43	242.555	281.887	305.399	174.395	225.282	336.648	263.886	180.931	249.062	492.306	147.788	172.06	211.55	381.045	526.097	120.743	315.135	208.836	140.513	174.089
2019-04-01	255.548	262.332	125.542	276.64	73.032	217.51	263.944	210.525	222.499	257.393	241.878	282.798	303.503	175.083	248.499	335.198	264.452	181.466	249.203	493.331	147.84	170.727	211.078	382.15	528.008	120.821	316.263	214.142	140.458	171.004
2019-05-01	256.092	262.59	124.429	277.795	72.989	217.841	264.199	212.326	225.773	257.791	242.145	283.394	302.352	175.517	254.551	335.966	265.137	181.813	250.356	494.928	147.659	171.26	210.815	382.436	526.439	120.254	317.188	215.391	138.888	168.826
2019-06-01	256.143	263.177	123.749	276.891	73.034	217.433	264.612	217.947	221.373	257.778	241.407	284.316	298.611	176.493	242.043	335.078	266.461	181.897	249.231	495.563	147.417	170.23	212.056	382.702	522.957	120.145	318.3	213.073	140.823	168.628
2019-07-01	256.571	263.566	122.161	277.49	73.219	217.626	264.882	219.083	222.492	258.015	241.359	284.891	299.35	176.832	244.0	336.604	267.101	182.264	250.033	497.687	147.035	169.685	210.941	383.047	524.829	120.128	319.136	213.405	142.756	167.074
2019-08-01	256.558	264.169	123.641	276.619	73.272	218.758	266.979	217.811	216.978	258.154	241.153	285.507	298.6	177.263	233.625	339.781	267.263	182.556	249.277	500.916	146.456	170.067	210.841	382.858	526.629	120.458	319.679	211.084	144.026	167.803
2019-09-01	256.759	264.522	127.009	277.308	73.195	219.771	268.357	216.938	215.418	258.646	241.543	286.246	297.309	177.743	231.496	339.512	267.822	182.911	249.74	501.468	145.854	170.63	211.49	384.454	522.518	120.357	320.569	209.35	138.653	165.562
2019-10-01	257.346	265.059	126.154	276.47	73.19	220.738	268.878	212.829	216.351	259.284	242.34	286.791	301.318	178.117	235.168	344.363	267.794	183.223	250.592	506.1	145.726	170.842	211.492	384.901	529.635	120.982	320.762	210.487	138.407	169.138
2019-11-01	257.208	265.108	122.986	276.166	73.578	221.515	268.88	210.365	214.636	259.08	241.726	287.255	297.472	178.585	232.575	345.227	267.925	183.32	250.491	507.541	145.728	170.675	211.25	385.01	528.285	121.381	321.267	209.763	137.407	171.629
2019-12-01	256.974	264.935	119.111	275.036	73.541	221.924	268.7	209.725	212.982	259.403	241.75	288.078	297.105	178.981	228.857	344.933	268.236	184.074	252.893	509.689	146.22	170.006	210.432	385.092	537.946	121.545	321.766	208.482	137.125	173.652
2020-01-01	257.971	266.004	120.853	275.916	73.79	223.035	268.841	212.018	213.043	260.638	243.11	289.137	301.679	179.613	227.01	349.152	269.468	184.856	252.905	512.149	147.253	172.313	210.763	384.715	538.154	121.986	323.053	208.284	136.064	174.272
2020-02-01	258.678	267.268	124.438	276.641	73.793	224.443	269.36	212.18	208.354	261.487	244.054	289.781	299.817	180.011	218.373	350.635	270.281	185.342	253.396	513.923	147.803	173.194	213.215	386.202	535.548	122.067	324.254	207.772	137.452	171.469
2020-03-01	258.115	267.312	123.815	277.646	73.719	225.627	269.45	211.332	199.573	262.32	245.163	290.216	299.641	179.94	202.205	351.35	270.273	186.02	254.724	515.605	147.124	174.454	214.565	386.483	533.885	122.265	324.615	203.854	140.689	168.994
2020-04-01	256.389	266.089	118.394	285.16	73.854	228.755	269.614	211.04	183.081	266.137	251.717	290.639	304.809	179.359	168.891	352.676	270.184	187.311	266.263	517.053	147.007	179.235	219.233	386.862	533.767	121.935	324.522	193.732	139.411	167.751
2020-05-01	256.394	265.799	114.582	284.937	73.793	230.166	269.725	211.988	183.076	267.792	253.827	291.709	306.798	179.72	168.528	352.287	270.823	188.422	275.405	519.194	147.222	178.234	218.988	389.329	533.325	122.779	325.265	191.419	138.383	168.316
2020-06-01	257.797	266.302	114.734	286.092	73.655	228.437	269.993	218.191	193.379	269.051	255.042	293.219	305.393	181.276	185.422	352.794	271.831	189.28	281.139	520.734	147.108	179.19	219.311	390.718	533.46	122.015	325.814	195.609	136.915	168.267
2020-07-01	259.101	267.703	114.267	285.204	74.98	227.114	270.659	218.82	197.665	268.132	252.563	294.599	306.123	182.035	194.397	353.381	272.445	190.472	271.028	522.686	147.803	178.167	219.254	392.928	533.551	121.304	326.58	200.766	141.493	166.536
2020-08-01	259.918	268.756	116.299	284.472	75.271	231.231	271.626	217.68	197.362	268.383	252.352	295.437	306.754	182.162	194.449	353.332	272.866	191.307	266.969	523.295	147.412	178.684	219.607	393.025	534.254	122.074	326.997	202.386	149.765	166.916
2020-09-01	260.28	269.054	119.354	284.416	75.181	230.656	272.241	218.395	198.858	268.465	251.369	297.08	306.249	182.638	195.888	355.129	273.116	193.053	265.386	522.528	147.361	177.848	218.358	392.474	529.966	122.188	327.116	202.715	152.887	171.873
2020-10-01	260.388	269.328	119.172	284.74	75.228	229.155	272.465	215.57	196.458	269.169	251.937	297.893	309.071	183.177	192.792	354.289	273.014	193.708	265.796	520.725	147.956	178.4	218.758	392.099	527.649	122.581	327.273	203.086	154.381	172.255
2020-11-01	260.229	269.473	116.602	282.782	75.313	229.503	272.359	213.787	194.388	268.539	250.407	298.253	306.311	183.794	187.609	355.164	273.29	194.102	265.307	519.848	148.063	175.869	217.31	392.156	526.167	123.016	327.435	202.828	152.324	179.226
2020-12-01	260.474	269.226	114.434	283.735	75.311	231.74	272.437	214.375	198.155	269.383	251.253	299.369	306.506	184.314	193.99	355.232	273.684	195.12	264.475	518.766	149.091	177.539	218.534	391.807	525.244	122.692	327.702	203.56	150.891	180.767
2021-01-01	261.582	269.755	117.785	282.911	75.361	231.546	272.238	215.242	205.273	270.26	252.107	300.382	309.954	184.776	207.406	358.733	274.336	196.386	265.922	522.133	149.377	179.789	217.824	397.892	525.434	122.14	328.282	205.631	149.659	181.709
2021-02-01	263.014	270.696	119.998	284.095	75.412	230.452	272.539	216.998	213.277	270.672	252.716	300.54	309.993	185.256	221.689	359.521	275.137	197.076	266.606	524.207	149.515	180.202	219.11	405.897	521.231	123.021	329.005	209.054	150.221	183.006
2021-03-01	264.877	271.713	120.746	284.746	75.255	229.249	271.559	216.528	225.861	271.135	253.231	300.897	311.168	185.703	247.652	361.468	276.028	198.042	268.457	524.734	149.321	180.018	219.263	407.048	521.375	123.567	330.122	215.761	153.873	185.624
2021-04-01	267.054	273.968	120.656	285.377	75.63	230.17	271.829	218.627	229.116	272.367	254.76	301.819	314.973	186.076	252.603	361.585	277.258	198.99	271.459	524.585	149.892	179.57	220.143	405.869	523.876	124.546	331.354	222.547	168.647	188.129
2021-05-01	269.195	275.893	120.951	286.649	75.721	230.38	272.544	220.948	235.339	273.441	255.516	303.481	315.748	187.156	263.17	361.285	278.648	199.889	275.776	523.918	152.143	177.814	219.664	405.744	522.116	124.769	332.454	229.689	179.532	191.083
2021-06-01	271.696	278.218	120.324	286.761	75.748	230.152	273.169	226.562	240.72	275.38	257.412	305.634	315.211	188.743	268.979	361.384	280.366	201.006	282.993	522.989	154.847	179.527	220.221	406.812	519.861	124.893	334.222	237.701	198.855	194.563
2021-07-01	273.003	279.146	119.078	289.533	75.808	231.233	273.812	227.672	244.8	277.187	259.022	308.023	312.875	189.862	275.656	363.254	281.604	203.027	286.994	524.219	157.203	180.136	222.116	408.445	519.957	125.588	335.812	239.722	200.425	198.207
2021-08-01	273.567	279.507	121.194	288.99	76.061	230.145	275.373	229.088	246.639	278.201	259.825	309.336	313.672	191.071	277.448	365.843	282.391	204.59	288.367	525.247	158.652	182.277	222.863	408.49	519.729	126.245	336.284	238.333	197.535	202.14
2021-09-01	274.31	279.884	123.406	292.069	76.341	231.973	277.551	229.831	248.228	280.452	262.695	310.996	315.428	192.203	278.338	366.394	283.744	205.893	293.217	524.818	160.244	184.49	225.141	407.266	521.506	126.438	337.451	236.373	190.207	207.29
2021-10-01	276.589	281.617	124.323	294.625	76.391	233.168	278.047	229.641	255.338	282.943	265.478	313.592	318.316	194.003	288.501	368.593	285.31	207.453	297.377	527.564	162.527	186.387	227.701	407.391	523.862	127.301	338.671	241.042	195.213	220.668
2021-11-01	277.948	282.754	122.383	295.909	76.294	233.157	278.097	227.588	259.1	284.168	266.384	315.481	318.436	194.875	296.571	367.479	286.308	209.483	299.228	528.877	164.511	185.119	229.643	408.843	524.509	126.952	339.997	245.532	200.209	224.225
2021-12-01	278.802	283.908	121.068	297.279	76.298	235.442	277.904	227.974	256.207	285.556	267.555	317.372	321.931	196.449	290.185	366.854	287.511	210.803	297.604	530.026	166.653	186.723	230.809	408.644	525.251	126.695	341.241	246.499	207.164	224.366
2022-01-01	281.148	285.996	124.079	302.242	76.292	238.675	278.087	238.183	260.653	288.264	270.711	319.471	327.451	197.808	290.416	371.646	289.889	212.192	298.441	535.048	167.582	188.719	233.956	408.335	532.044	127.937	342.604	248.424	210.293	225.181
2022-02-01	283.716	288.059	127.868	306.193	76.267	242.386	278.38	236.453	267.771	291.244	274.568	320.88	333.675	199.077	305.959	371.745	291.504	212.755	301.24	536.932	168.027	192.21	237.143	407.984	533.592	129.116	344.607	253.15	212.04	226.491
2022-03-01	287.504	289.305	128.919	311.606	75.866	245.258	278.388	240.558	298.246	294.064	278.612	321.689	337.503	200.496	366.499	373.307	293.577	212.352	305.116	539.739	168.056	194.342	241.804	409.998	532.722	129.437	346.618	264.525	208.216	225.679
2022-04-01	289.109	290.846	127.126	314.787	75.576	251.03	278.647	242.778	298.469	296.915	282.161	323.559	339.385	202.346	362.802	374.501	295.259	212.95	310.399	541.515	169.699	197.138	244.282	410.83	532.975	129.892	348.389	266.892	206.981	230.916
2022-05-01	292.296	292.506	126.97	319.93	75.341	257.678	279.356	247.461	316.761	300.081	285.953	325.952	341.594	203.954	391.262	375.273	297.868	214.416	314.929	543.488	171.35	199.166	247.3	410.249	532.195	130.36	350.58	274.282	208.373	248.854
2022-06-01	296.311	294.68	126.619	326.378	75.311	261.255	280.562	257.557	340.917	302.967	288.884	329.033	340.594	205.581	430.142	375.318	300.927	215.905	316.11	546.717	172.546	200.876	252.015	410.729	532.656	130.677	352.967	284.644	212.98	269.278
2022-07-01	296.276	295.646	125.188	332.968	75.061	265.638	280.974	262.347	325.407	306.278	292.972	331.342	341.839	206.732	396.952	377.415	302.327	217.719	318.141	549.562	173.618	204.944	257.295	411.846	534.312	131.087	354.935	278.958	213.683	258.666
2022-08-01	296.171	297.178	127.328	336.399	74.977	267.461	283.882	265.191	305.372	308.55	295.007	334.212	343.221	208.3	348.593	380.339	304.506	219.286	318.867	553.429	174.598	206.693	259.976	412.828	536.212	131.437	357.264	270.334	212.895	268.866
2022-09-01	296.808	298.442	130.143	339.336	74.895	268.793	286.151	265.487	297.343	310.678	296.771	337.369	348.173	209.211	328.918	380.465	306.521	220.602	319.486	556.323	175.312	208.332	260.58	414.767	535.82	131.581	359.704	266.109	203.867	275.894
2022-10-01	298.012	299.315	129.414	341.492	74.745	269.355	286.449	262.1	300.359	312.86	298.401	340.532	348.021	211.417	339.017		307.816	222.257	321.271	554.043	176.157	210.121	262.814	414.897	535.248	132.49	362.093	267.979	199.176	264.774
2022-11-01	297.711	299.6	126.728	344.393	75.464	271.307	286.792	258.864	292.953	313.467	298.284	342.266	349.462	212.346	326.649	378.209	308.72	223.53	319.444	550.844	176.354	209.507	261.583	415.048	534.424	132.965	364.195	264.668	193.53	258.872
2022-12-01	296.797	300.113	124.587	345.029	75.452	271.376	287.177	260.548	274.937	314.459	299.089	343.559	349.134	212.628	285.757	383.15	310.725	224.75	320.455	551.002	176.463	210.324	262.985	415.611	534.9	133.172	366.868	255.993	188.864	267.683
2023-01-01	299.17	301.962	127.875	349.294	75.75	272.04	287.509	266.528	283.33	316.705	301.435	345.677	351.029	213.792	294.759	385.064	313.747	226.409	322.737	551.422	177.276	213.359	264.746	415.197	546.107	134.077	369.585	257.874	185.857	285.407
2023-02-01	300.84	304.011	132.039	350.772	75.786	272.271	287.651	266.887	281.673	318.05	302.483	347.869	351.249	214.996	299.774	384.996	315.431	228.07	321.803	549.487	177.817	215.925	266.612	413.034	546.312	135.519	372.51	259.712	183.241	258.976
2023-03-01	301.836	305.476	133.112	353.866	75.748	271.384	288.26	265.033	279.084	318.338	301.918	349.944	345.814	216.558	302.673	383.42	316.514	229.128	318.306	547.805	178.342	216.329	268.567	412.119	547.078	135.693	374.971	261.969	184.997	238.182
2023-04-01	303.363	306.899	131.762	353.742	75.662	271.102	288.606	263.216	283.352	319.085	302.328	351.237	346.269	216.852	318.482	385.355	317.278	230.419	318.996	547.219	178.892	215.833	269.657	411.951	548.51	136.375	376.636	267.402	193.394	226.062
2023-05-01	304.127	308.096	131.382	354.195	75.415	269.573	288.843	262.135	279.816	319.811	302.535	352.892	350.986	217.744	314.116	389.166	318.205	231.665	315.968	547.42	179.329	216.46	269.999	409.885	548.929	136.28	378.776	268.862	199.576	221.484
2023-06-01	305.109	308.91	130.51	355.074	75.064	268.338	289.382	271.369	283.854	320.12	302.335	354.245	350.724	218.301	316.258	390.793	320.002	232.64	315.561	547.432	179.577	216.146	269.995	412.812	549.14	136.3	380.594	270.146	202.007	219.272
2023-07-01	305.691	309.402	129.172	356.377	74.966	269.143	290.069	270.268	284.828	321.02	303.455	354.862	351.646	218.655	318.071	389.061	321.087	233.174	317.445	546.698	179.696	216.056	271.276	413.437	549.212	136.401	382.226	270.602	201.624	223.29
2023-08-01	307.026	310.103	131.262	356.563	74.858	268.281	292.014	270.752	294.328	321.578	303.716	356.083	350.428	219.097	336.979	391.678	321.894	233.911	318.944	548.082	179.691	216.642	271.648	413.877	551.344	136.102	383.221	274.22	198.768	224.539
2023-09-01	307.789	310.817	133.157	355.576	74.827	268.377	294.357	272.401	296.004	322.249	303.925	357.488	351.02	219.918	338.893	397.531	323.563	234.755	320.14	548.431	179.75	216.736	271.561	413.966	547.579	136.687	385.433	272.517	187.587	221.045
2023-10-01	307.671	311.38	132.786	355.752	74.614	268.326	294.084	268.342	286.754	323.262	304.788	358.824	351.952	220.572	320.999	401.752	323.964	235.997	322.536	549.762	179.446	216.952	272.215	409.755	552.058	136.726	386.435	270.027	184.961	222.955
2023-11-01	307.051	311.606	128.093	356.169	74.213	267.609	293.674	267.545	277.029	322.703	303.224	360.383	350.736	221.574	297.598	402.222	324.735	236.999	319.86	551.769	178.7	215.604	270.25	412.011	554.6	136.292	387.892	267.035	186.27	231.976
2023-12-01	306.746	311.907	125.794	353.844	74.205	267.889	294.04	269.17	269.375	322.933	303.005	361.564	350.25	222.175	280.289	404.407	325.64	238.0	320.143	553.485	178.269	215.872	270.223	412.93	552.625	136.811	389.433	263.375	186.383	230.862
2024-01-01	308.417	313.623	127.946	354.532	74.607	268.941	294.574	276.698	270.42	324.782	305.037	363.249	354.798	222.981	276.003	410.695	328.222	239.515	319.752	557.215	178.595	220.573	271.6	415.427	548.245	137.8	391.896	262.11	179.41	234.515
2024-02-01	310.326	315.419	131.985	356.633	74.967	267.334	295.488	276.384	276.331	325.19	305.469	363.596	353.965	223.137	287.943	408.345	329.704	239.869	320.096	557.236	178.592	220.956	272.768	414.702	547.682	138.322	393.906	266.638	180.006	236.218
2024-03-01	312.332	317.088	133.64	354.666	74.874	266.274	295.297	278.233	285.002	325.491	305.426	364.546	352.841	223.589	306.513	412.365	331.247	240.587	322.589	559.935	178.247	221.423	272.352	415.118	549.405	138.183	396.174	272.485	180.891	230.601
2024-04-01	313.548	317.978	133.502	355.852	74.986	267.474	295.736	276.653	290.76	326.107	305.707	365.813	352.274	224.294	322.434	415.025	331.688	241.515	322.323	561.612	178.25	220.712	273.306	415.648	550.678	138.412	397.539	276.687	180.132	221.729
2024-05-01	314.069	318.629	132.433	356.758	74.736	266.749	296.691	277.584	290.139	326.545	305.679	367.099	353.084	225.29	320.981	417.163	332.777	242.012	323.414	564.249	177.958	219.354	272.796	415.581	562.168	138.118	399.274	276.623	180.971	222.024
2024-06-01	314.175	319.003	131.525	356.938	74.554	268.098	297.42	283.25	286.675	327.144	305.752	368.616	348.901	226.754	308.475	417.648	334.087	242.533	323.848	565.301	178.001	219.373	274.285	415.961	562.339	138.115	400.234	273.579	181.603	227.478
2024-07-01	314.54	319.214	129.466	356.525	74.649	268.653	298.288	283.415	287.868	327.956	306.643	369.383	350.962	227.021	310.915	412.926	335.056	243.255	327.013	564.039	177.84	220.129	273.643	416.312	563.035	138.277	401.545	273.326	179.579	226.593
2024-08-01	314.796	320.017	131.683	355.652	74.541	269.468	301.065	281.333	282.614	328.156	306.402	370.348	349.599	227.488	302.419		335.931	243.868	329.108	564.407	177.534	219.381	272.612	416.37	562.174	138.214	403.257	271.391	178.192	224.259
2024-09-01	315.301	321.109	135.537	356.088	74.092	269.643	304.883	282.522	275.74	329.417	307.767	371.604	353.508	228.389	287.102	415.293	336.776	244.431	332.525	566.266	177.435	219.488	272.658	420.17	559.487	137.651	404.133	269.604	178.072	225.366
2024-10-01	315.664	321.758	133.179	359.007	73.62	271.695	305.154	280.47	272.807	330.051	308.2	372.486	355.292	228.839	281.741	417.499	337.47	244.94	328.743	567.87	177.162	220.672	273.232	422.425	560.836	138.12	405.287	269.724	178.744	227.463
2024-11-01	315.493	321.947	129.542	354.371	72.903	270.819	305.865	275.801	268.213	330.26	307.972	373.53	354.696	229.554	273.57	417.503	338.048	245.744	331.976	568.773	177.472	221.735	272.027	423.591	558.497	138.341	406.25	268.45	179.958	236.179
2024-12-01	315.605	322.007	127.354	356.574	72.857	271.358	305.662	276.7	267.963	330.812	308.38	374.644	353.63	230.095	270.667	418.467	338.883	246.692	333.659	569.189	177.552	220.762	272.362	423.86	558.744	138.343	407.242	267.606	180.317	242.224
